date,QQQ,QLD,TQQQ
2021-08-06,368.0500,38.6100,34.1075
2021-08-09,368.7300,38.7500,34.2900
2021-08-10,366.8400,38.3600,33.7775
2021-08-11,366.2100,38.2350,33.5950
2021-08-12,367.5300,38.5050,33.9450
2021-08-13,368.8200,38.7550,34.2850
2021-08-16,368.9800,38.7850,34.3450
2021-08-17,365.7300,38.1050,33.4425
2021-08-18,362.2100,37.3650,32.4700
2021-08-19,363.9600,37.7350,32.9325
2021-08-20,367.7300,38.5200,33.9500
2021-08-23,373.2300,39.6600,35.4625
2021-08-24,374.3700,39.9050,35.8125
2021-08-25,374.8000,39.9500,35.8525
2021-08-26,372.4200,39.4850,35.2450
2021-08-27,376.0400,40.2600,36.2750
2021-08-30,380.2600,41.1650,37.4775
2021-08-31,379.9500,41.0800,37.3725
2021-09-01,380.5800,41.2250,37.5775
2021-09-02,380.4000,41.1750,37.5250
2021-09-03,381.5700,41.4350,37.8625
2021-09-07,382.1100,41.5350,38.0175
2021-09-08,380.7800,41.2650,37.6275
2021-09-09,379.4700,40.9400,37.2250
2021-09-10,376.5900,40.3300,36.3875
2021-09-13,376.3300,40.2750,36.3050
2021-09-14,375.2600,40.0400,35.9925
2021-09-15,378.0500,40.6300,36.7900
2021-09-16,378.3100,40.7050,36.8625
2021-09-17,373.8300,39.7400,35.5600
2021-09-20,365.7000,38.0850,33.3725
2021-09-21,366.1500,38.1600,33.4150
2021-09-22,369.5700,38.8900,34.3925
2021-09-23,372.9800,39.6000,35.3475
2021-09-24,373.3300,39.6650,35.4475
2021-09-27,370.3500,39.0500,34.5925
2021-09-28,359.8700,36.8200,31.7075
2021-09-29,359.2800,36.7300,31.4975
2021-09-30,357.9600,36.3850,31.1425
2021-10-01,360.1800,36.8750,31.7100
2021-10-04,352.6200,35.3450,29.7600
2021-10-05,357.3800,36.2900,30.9050
2021-10-06,359.6700,36.7450,31.5150
2021-10-07,362.9700,37.4200,32.3675
2021-10-08,361.1600,37.0400,31.8700
2021-10-11,358.3900,36.4750,31.1625
2021-10-12,357.1400,36.2300,30.8450
2021-10-13,360.0000,36.8000,31.5675
2021-10-14,366.6300,38.1500,33.3100
2021-10-15,368.9400,38.6300,33.9275
2021-10-18,372.6500,39.4100,34.9450
2021-10-19,375.4700,39.9850,35.7125
2021-10-20,374.9800,39.8900,35.6000
2021-10-21,377.2700,40.3800,36.2375
2021-10-22,374.1000,39.6900,35.3200
2021-10-25,377.9300,40.5000,36.3800
2021-10-26,379.1200,40.7250,36.7200
2021-10-27,380.0000,40.9350,37.0100
2021-10-28,384.2200,41.8600,38.2250
2021-10-29,386.1100,42.2700,38.7900
2021-11-01,387.4300,42.5550,39.1725
2021-11-02,389.0500,42.9150,39.6950
2021-11-03,393.1800,43.8200,40.9550
2021-11-04,398.2200,44.9300,42.4825
2021-11-05,398.6000,45.0200,42.6400
2021-11-08,398.0600,44.9000,42.4650
2021-11-09,395.3200,44.2650,41.5900
2021-11-10,389.5100,42.9750,39.7675
2021-11-11,390.5900,43.2150,40.0900
2021-11-12,394.7000,44.1200,41.3625
2021-11-15,394.6100,44.1050,41.3500
2021-11-16,397.4200,44.7250,42.2050
2021-11-17,397.6300,44.7650,42.2550
2021-11-18,401.7500,45.6850,43.5475
2021-11-19,403.9900,46.1900,44.2850
2021-11-22,399.3000,45.1350,42.7500
2021-11-23,397.4800,44.7100,42.1675
2021-11-24,398.7600,45.0250,42.5575
2021-11-26,391.2000,43.2250,40.2100
2021-11-29,399.6900,45.1450,42.7075
2021-11-30,393.8200,43.8050,40.8725
2021-12-01,387.1200,42.3200,38.7750
2021-12-02,389.9100,42.9450,39.5050
2021-12-03,383.1300,41.4500,37.5200
2021-12-06,386.2000,42.1300,38.3975
2021-12-07,397.8300,44.6650,41.8600
2021-12-08,399.6100,45.0400,42.4425
2021-12-09,393.7300,43.7100,40.6100
2021-12-10,398.0100,44.6550,41.8675
2021-12-13,392.2600,43.3600,40.0675
2021-12-14,388.2000,42.4900,38.8750
2021-12-15,397.0500,44.3900,41.4475
2021-12-16,386.8400,42.1200,38.2850
2021-12-17,384.9100,41.6900,37.7000
2021-12-20,380.6900,40.8500,36.5725
2021-12-21,389.2100,42.6800,39.0175
2021-12-22,393.9500,43.7300,40.4100
2021-12-23,396.9200,44.4000,41.3700
2021-12-27,403.4800,45.8250,43.3475
2021-12-28,401.6100,45.4500,42.8375
2021-12-29,401.5500,45.4100,42.7700
2021-12-30,400.3500,45.0950,42.3700
2021-12-31,397.8500,44.5100,41.5825
2022-01-03,401.6800,45.4350,42.7825
2022-01-04,396.4700,44.2450,41.1200
2022-01-05,384.2900,41.4950,37.3375
2022-01-06,384.0200,41.4650,37.2350
2022-01-07,379.8600,40.5500,36.0175
2022-01-10,380.1100,40.6450,36.1500
2022-01-11,385.8200,41.8400,37.7400
2022-01-12,387.3500,42.1700,38.1700
2022-01-13,377.6600,40.0350,35.4000
2022-01-14,380.0100,40.5400,35.9350
2022-01-18,370.5500,38.5500,33.3450
2022-01-19,366.4800,37.6600,32.1850
2022-01-20,361.7200,36.6650,30.9400
2022-01-21,351.6900,34.6000,28.3350
2022-01-24,353.3000,35.0200,28.7450
2022-01-25,345.1100,33.2700,26.6250
2022-01-26,344.5700,33.3250,26.5750
2022-01-27,341.1000,32.5500,25.7800
2022-01-28,351.8000,34.6350,28.1850
2022-01-31,363.0500,36.8550,30.9150
2022-02-01,365.5200,37.2950,31.5050
2022-02-02,368.4900,37.9200,32.2500
2022-02-03,353.5500,34.8100,28.3700
2022-02-04,358.0100,35.7000,29.3500
2022-02-07,355.1300,35.1400,28.6850
2022-02-08,359.1200,35.9300,29.6600
2022-02-09,366.7300,37.4550,31.5000
2022-02-10,358.4300,35.7500,29.4100
2022-02-11,347.0600,33.4950,26.6400
2022-02-14,347.4900,33.5850,26.7150
2022-02-15,356.1300,35.2300,28.6500
2022-02-16,356.0400,35.1950,28.6450
2022-02-17,345.4500,33.1050,26.1050
2022-02-18,341.5100,32.3400,25.2200
2022-02-22,338.0800,31.6850,24.4400
2022-02-23,329.4200,30.0750,22.5700
2022-02-24,340.4900,32.0900,24.7800
2022-02-25,345.7700,33.0800,25.9550
2022-02-28,346.8000,33.3350,26.2300
2022-03-01,341.4900,32.2400,25.0200
2022-03-02,347.2200,33.3000,26.2150
2022-03-03,342.2600,32.3500,25.1200
2022-03-04,337.3000,31.4400,24.0450
2022-03-07,324.8600,29.1050,21.3600
2022-03-08,323.3500,28.8200,21.0650
2022-03-09,334.9900,30.9300,23.3200
2022-03-10,331.2700,30.2350,22.5700
2022-03-11,324.4000,28.9550,21.1700
2022-03-14,318.1700,27.8600,19.9300
2022-03-15,328.1500,29.5800,21.7750
2022-03-16,340.3200,31.7950,24.2200
2022-03-17,344.4400,32.5350,25.0300
2022-03-18,351.4900,33.8900,26.5850
2022-03-21,350.0800,33.7000,26.3950
2022-03-22,356.9600,35.0100,27.9550
2022-03-23,351.8300,34.0050,26.7750
2022-03-24,359.6500,35.5200,28.5100
2022-03-25,359.3500,35.4700,28.4650
2022-03-28,364.9100,36.5650,29.7600
2022-03-29,371.1900,37.7950,31.2850
2022-03-30,367.0900,36.9900,30.3450
2022-03-31,362.5400,35.9600,29.0900
2022-04-01,361.8500,35.9350,28.9650
2022-04-04,369.3000,37.3800,30.7750
2022-04-05,361.1000,35.7450,28.7400
2022-04-06,353.2600,34.1500,26.8500
2022-04-07,354.1000,34.3350,27.0250
2022-04-08,349.1500,33.3600,25.9200
2022-04-11,340.8900,31.7900,24.0800
2022-04-12,339.4500,31.5400,23.7700
2022-04-13,346.3500,32.7900,25.1950
2022-04-14,338.4300,31.2850,23.5000
2022-04-18,338.6900,31.3850,23.5650
2022-04-19,346.2600,32.7150,25.0800
2022-04-20,341.2100,31.7600,23.9500
2022-04-21,334.1500,30.4900,22.5450
2022-04-22,325.4000,28.8600,20.7550
2022-04-25,329.5800,29.6200,21.5250
2022-04-26,317.1400,27.3350,19.1050
2022-04-27,316.7600,27.3050,19.0200
2022-04-28,328.0100,29.2250,21.0300
2022-04-29,313.2500,26.6000,18.2650
2022-05-02,318.4800,27.4950,19.1250
2022-05-03,318.8200,27.5800,19.1700
2022-05-04,329.6000,29.4300,21.0700
2022-05-05,313.0000,26.5050,17.9300
2022-05-06,309.2500,25.8400,17.3050
2022-05-09,297.1500,23.7900,15.2600
2022-05-10,300.7600,24.3750,15.7850
2022-05-11,291.8400,22.9100,14.3800
2022-05-12,291.1500,22.8100,14.2650
2022-05-13,301.9400,24.4750,15.8150
2022-05-16,298.4400,23.9250,15.3250
2022-05-17,306.1700,25.1600,16.4800
2022-05-18,291.1400,22.6600,14.0750
2022-05-19,289.5800,22.4350,13.7900
2022-05-20,288.6800,22.2800,13.6700
2022-05-23,293.4800,23.0250,14.3450
2022-05-24,287.2400,22.0400,13.4500
2022-05-25,291.2600,22.6700,13.9900
2022-05-26,299.3300,23.9150,15.1600
2022-05-27,309.1000,25.5000,16.6450
2022-05-31,308.2800,25.3350,16.5250
2022-06-01,306.0000,24.9650,16.1400
2022-06-02,314.3800,26.3400,17.4500
2022-06-03,306.2000,24.9300,16.0700
2022-06-06,307.2200,25.1200,16.2700
2022-06-07,309.8700,25.5650,16.6650
2022-06-08,307.6400,25.1800,16.3250
2022-06-09,299.4000,23.8050,14.9950
2022-06-10,288.8400,22.1100,13.3950
2022-06-13,275.4100,20.0750,11.5400
2022-06-14,275.9100,20.1700,11.6150
2022-06-15,282.8000,21.1550,12.4500
2022-06-16,271.3900,19.4600,10.9300
2022-06-17,274.6900,19.9100,11.3350
2022-06-21,281.0800,20.9150,12.1900
2022-06-22,280.6700,20.8450,12.1450
2022-06-23,284.8500,21.4650,12.6650
2022-06-24,294.6100,22.9750,13.9900
2022-06-27,292.4500,22.5850,13.6600
2022-06-28,283.5400,21.2000,12.4150
2022-06-29,283.8000,21.2600,12.4400
2022-06-30,280.2800,20.7050,12.0000
2022-07-01,282.1300,20.9750,12.1950
2022-07-05,286.9600,21.6950,12.8250
2022-07-06,288.8000,21.9600,13.0700
2022-07-07,294.9800,22.8950,13.8800
2022-07-08,295.3500,22.9700,13.9450
2022-07-11,289.0400,21.9600,13.0550
2022-07-12,286.2400,21.5450,12.6750
2022-07-13,285.6500,21.4650,12.5950
2022-07-14,286.6700,21.6100,12.7250
2022-07-15,291.8700,22.3800,13.3950
2022-07-18,289.4000,22.0050,13.0850
2022-07-19,298.3000,23.3450,14.2300
2022-07-20,303.0300,24.0850,14.9450
2022-07-21,307.3800,24.7750,15.5800
2022-07-22,301.9900,23.9050,14.7650
2022-07-25,300.2700,23.6500,14.5450
2022-07-26,294.3700,22.6950,13.6650
2022-07-27,306.8100,24.6150,15.3700
2022-07-28,309.8100,25.0800,15.8100
2022-07-29,315.4600,26.0100,16.6800
2022-08-01,315.2700,25.9800,16.6550
2022-08-02,314.3300,25.8050,16.5000
2022-08-03,322.8900,27.2100,17.8200
2022-08-04,324.4000,27.4450,18.0750
2022-08-05,321.7500,27.0100,17.6450
2022-08-08,320.7100,26.8350,17.4650
2022-08-09,317.0800,26.2200,16.8650
2022-08-10,325.9300,27.6800,18.2500
2022-08-11,324.0800,27.3650,17.9750
2022-08-12,330.3900,28.4450,18.9900
2022-08-15,333.0600,28.8750,19.4450
2022-08-16,332.2800,28.7400,19.3200
2022-08-17,328.4900,28.0750,18.6500
2022-08-18,329.2800,28.2200,18.7750
2022-08-19,322.8600,27.1100,17.6750
2022-08-22,314.3600,25.6750,16.2850
2022-08-23,314.1000,25.6300,16.2300
2022-08-24,315.0100,25.7750,16.3550
2022-08-25,320.5800,26.6700,17.2150
2022-08-26,307.4400,24.4800,15.1200
2022-08-29,304.4100,24.0000,14.6550
2022-08-30,301.0200,23.4600,14.1650
2022-08-31,299.2700,23.1850,13.9050
2022-09-01,299.4000,23.2000,13.9200
2022-09-02,295.1700,22.5350,13.3400
2022-09-06,293.0500,22.2100,13.0350
2022-09-07,298.9700,23.1000,13.8050
2022-09-08,300.5200,23.3350,14.0300
2022-09-09,307.0900,24.3450,14.9200
2022-09-12,310.7400,24.9200,15.4650
2022-09-13,293.7000,22.1750,12.9200
2022-09-14,296.0300,22.5400,13.2100
2022-09-15,291.1000,21.7600,12.5450
2022-09-16,289.3200,21.4950,12.3000
2022-09-19,291.0500,21.8400,12.5950
2022-09-20,288.7300,21.4750,12.2950
2022-09-21,283.5600,20.7000,11.6200
2022-09-22,280.0700,20.2000,11.1900
2022-09-23,275.5100,19.5400,10.6550
2022-09-26,274.3700,19.3450,10.5100
2022-09-27,274.4800,19.3950,10.5200
2022-09-28,279.9400,20.1500,11.1350
2022-09-29,271.8700,19.0150,10.1950
2022-09-30,267.2600,18.3300,9.6600
2022-10-03,273.5300,19.1950,10.3300
2022-10-04,282.1300,20.4000,11.2900
2022-10-05,281.9800,20.3650,11.2900
2022-10-06,279.7600,20.0400,11.0050
2022-10-07,269.1000,18.5050,9.7500
2022-10-10,266.4100,18.1100,9.4450
2022-10-11,262.7500,17.6600,9.0700
2022-10-12,262.6600,17.6300,9.0500
2022-10-13,268.8200,18.4300,9.6550
2022-10-14,260.7400,17.3100,8.7850
2022-10-17,269.3500,18.4850,9.6500
2022-10-18,271.4800,18.7750,9.8900
2022-10-19,270.4900,18.6150,9.7700
2022-10-20,269.1100,18.4050,9.6050
2022-10-21,275.4200,19.2850,10.2850
2022-10-24,278.4500,19.7050,10.6350
2022-10-25,284.2100,20.5100,11.2750
2022-10-26,277.9300,19.5900,10.5300
2022-10-27,272.8700,18.8650,9.9500
2022-10-28,281.2200,20.0300,10.8500
2022-10-31,277.9500,19.5400,10.4750
2022-11-01,275.1100,19.1450,10.1500
2022-11-02,265.6800,17.8350,9.1000
2022-11-03,260.4900,17.1400,8.5750
2022-11-04,264.6800,17.6850,8.9750
2022-11-07,267.5900,18.0700,9.2600
2022-11-08,269.5400,18.3200,9.4600
2022-11-09,263.3200,17.4600,8.8000
2022-11-10,282.7500,20.0400,10.7250
2022-11-11,287.9600,20.7800,11.3350
2022-11-14,285.4400,20.4050,11.0350
2022-11-15,289.3900,20.9800,11.4800
2022-11-16,285.4400,20.3950,11.0150
2022-11-17,284.8100,20.2900,10.9300
2022-11-18,284.8200,20.2950,10.9200
2022-11-21,281.8900,19.8700,10.5900
2022-11-22,285.9500,20.4400,11.0350
2022-11-23,288.8200,20.8450,11.3650
2022-11-25,286.9200,20.5600,11.1300
2022-11-28,282.7100,19.9500,10.6400
2022-11-29,280.5700,19.6550,10.3850
2022-11-30,293.3600,21.4500,11.7800
2022-12-01,293.7200,21.4900,11.8450
2022-12-02,292.5500,21.3200,11.7050
2022-12-05,287.6400,20.5800,11.1150
2022-12-06,281.6800,19.7300,10.4100
2022-12-07,280.5300,19.5600,10.2850
2022-12-08,283.8500,20.0350,10.6500
2022-12-09,282.0400,19.7750,10.4450
2022-12-12,285.5800,20.2550,10.8250
2022-12-13,288.6500,20.6950,11.1650
2022-12-14,286.5100,20.3750,10.9000
2022-12-15,276.8900,19.0050,9.8200
2022-12-16,274.2500,18.6300,9.5300
2022-12-19,269.7500,18.1250,9.1350
2022-12-20,269.5400,18.0750,9.0950
2022-12-21,273.4500,18.6050,9.4900
2022-12-22,266.7600,17.6300,8.7700
2022-12-23,267.3600,17.7150,8.7950
2022-12-27,263.5800,17.1800,8.4200
2022-12-28,260.1000,16.7250,8.0800
2022-12-29,266.4400,17.5350,8.6500
2022-12-30,266.2800,17.5200,8.6500
2023-01-03,264.4800,17.2750,8.4550
2023-01-04,265.7400,17.4400,8.5850
2023-01-05,261.5800,16.8700,8.1800
2023-01-06,268.8000,17.8000,8.8200
2023-01-09,270.5400,18.0350,9.0050
2023-01-10,272.8300,18.3400,9.2450
2023-01-11,277.5500,18.9600,9.7050
2023-01-12,279.0500,19.1400,9.8550
2023-01-13,280.9700,19.4050,10.0500
2023-01-17,281.5400,19.4700,10.1050
2023-01-18,277.8800,18.9700,9.7300
2023-01-19,275.1500,18.5900,9.4250
2023-01-20,282.6800,19.6300,10.1950
2023-01-23,288.9600,20.4900,10.8650
2023-01-24,288.3700,20.3950,10.8000
2023-01-25,287.7300,20.2850,10.7200
2023-01-26,293.3400,21.0700,11.3400
2023-01-27,296.2600,21.4850,11.6650
2023-01-30,290.2700,20.6000,10.9650
2023-01-31,294.6200,21.2350,11.4550
2023-02-01,300.9200,22.1550,12.1950
2023-02-02,311.7200,23.7150,13.4550
2023-02-03,306.1800,22.8600,12.7600
2023-02-06,303.5900,22.4800,12.4350
2023-02-07,309.8800,23.4150,13.2050
2023-02-08,304.3700,22.5600,12.4950
2023-02-09,301.6800,22.1450,12.1600
2023-02-10,299.7000,21.8650,11.9100
2023-02-13,304.5000,22.5700,12.4750
2023-02-14,306.7500,22.8750,12.7450
2023-02-15,309.1000,23.2450,13.0300
2023-02-16,303.3000,22.3350,12.2850
2023-02-17,301.1600,22.0150,12.0200
2023-02-21,294.0300,20.9700,11.1750
2023-02-22,294.2500,21.0000,11.1850
2023-02-23,296.8200,21.3650,11.4650
2023-02-24,291.8500,20.6300,10.8850
2023-02-27,293.9400,20.9350,11.1200
2023-02-28,293.5600,20.8650,11.0650
2023-03-01,291.2000,20.5300,10.7950
2023-03-02,293.6100,20.8800,11.0550
2023-03-03,299.6800,21.7300,11.7300
2023-03-06,300.0200,21.7600,11.7800
2023-03-07,296.3400,21.2250,11.3400
2023-03-08,297.8200,21.4450,11.4950
2023-03-09,292.6600,20.6600,10.8900
2023-03-10,288.5500,20.0850,10.4400
2023-03-13,290.6900,20.3900,10.6650
2023-03-14,297.3700,21.3300,11.3900
2023-03-15,298.9300,21.5400,11.5550
2023-03-16,306.8100,22.6650,12.4700
2023-03-17,305.3600,22.4400,12.2850
2023-03-20,305.9700,22.6050,12.4150
2023-03-21,310.3400,23.2350,12.9400
2023-03-22,306.1200,22.6000,12.3400
2023-03-23,309.7500,23.1500,12.7800
2023-03-24,310.8900,23.3050,12.9100
2023-03-27,308.7600,22.9700,12.6450
2023-03-28,307.1200,22.7400,12.4350
2023-03-29,312.7200,23.5750,13.1150
2023-03-30,315.6800,23.9900,13.4700
2023-03-31,320.9300,24.7850,14.1300
2023-04-03,320.1500,24.6600,14.0300
2023-04-04,319.0700,24.4950,13.8900
2023-04-05,315.9200,23.9850,13.4450
2023-04-06,318.0500,24.3300,13.7150
2023-04-10,317.8700,24.2750,13.6850
2023-04-11,315.8300,23.9650,13.4200
2023-04-12,313.0400,23.5300,13.0650
2023-04-13,319.1700,24.4500,13.8150
2023-04-14,318.5700,24.3450,13.7350
2023-04-17,318.8400,24.3700,13.7500
2023-04-18,318.8600,24.3850,13.7600
2023-04-19,318.7100,24.3550,13.7300
2023-04-20,316.2800,23.9800,13.4100
2023-04-21,316.6100,24.0100,13.4350
2023-04-24,315.9500,23.9050,13.3550
2023-04-25,309.9900,23.0100,12.6000
2023-04-26,311.8700,23.2700,12.8100
2023-04-27,320.3500,24.5350,13.8450
2023-04-28,322.5600,24.8700,14.1250
2023-05-01,322.1900,24.8050,14.0850
2023-05-02,319.3800,24.3600,13.7100
2023-05-03,317.2900,24.0600,13.4400
2023-05-04,316.1700,23.8750,13.2900
2023-05-05,322.8900,24.8750,14.1050
2023-05-08,323.6900,24.9900,14.2200
2023-05-09,321.6400,24.6750,13.9450
2023-05-10,325.1400,25.2100,14.3950
2023-05-11,326.2000,25.3600,14.5150
2023-05-12,325.0300,25.1750,14.3650
2023-05-15,326.7900,25.4450,14.5850
2023-05-16,327.1600,25.4900,14.6400
2023-05-17,331.1200,26.1150,15.1650
2023-05-18,337.2700,27.0550,15.9800
2023-05-19,336.5100,26.9350,15.8700
2023-05-22,337.6400,27.0950,16.0350
2023-05-23,333.3600,26.4150,15.4150
2023-05-24,331.6500,26.1350,15.1650
2023-05-25,339.7200,27.3900,16.2600
2023-05-26,348.4000,28.7950,17.4900
2023-05-30,349.9800,29.0400,17.7350
2023-05-31,347.9900,28.6600,17.3750
2023-06-01,352.0100,29.3700,18.0050
2023-06-02,354.6500,29.8000,18.4100
2023-06-05,354.9000,29.8350,18.4500
2023-06-06,354.8400,29.8250,18.4300
2023-06-07,348.8200,28.8000,17.4900
2023-06-08,353.1500,29.4950,18.0900
2023-06-09,354.5000,29.7100,18.3100
2023-06-12,360.4900,30.7250,19.2450
2023-06-13,363.2600,31.1750,19.6750
2023-06-14,365.9000,31.6300,20.0950
2023-06-15,370.2600,32.3600,20.8000
2023-06-16,367.9300,31.9400,20.4000
2023-06-20,366.9000,31.8650,20.3000
2023-06-21,361.9000,30.9950,19.4250
2023-06-22,366.1700,31.7100,20.0700
2023-06-23,362.5400,31.0700,19.4750
2023-06-26,357.6800,30.2350,18.7050
2023-06-27,363.8300,31.2650,19.6300
2023-06-28,364.5400,31.3700,19.7500
2023-06-29,363.8100,31.2300,19.6150
2023-06-30,369.4200,32.1900,20.5000
2023-07-03,370.2900,32.3450,20.6400
2023-07-05,370.2800,32.3200,20.6250
2023-07-06,367.4600,31.8200,20.1400
2023-07-07,366.2400,31.5900,19.9350
2023-07-10,366.3600,31.6300,19.9500
2023-07-11,368.1700,31.9200,20.2350
2023-07-12,372.8200,32.7300,20.9850
2023-07-13,379.1500,33.8050,22.0300
2023-07-14,379.0700,33.7900,22.0100
2023-07-17,382.6100,34.4050,22.6200
2023-07-18,385.7400,34.9800,23.1600
2023-07-19,385.6500,34.8900,23.1600
2023-07-20,376.7600,33.3100,21.5350
2023-07-21,375.6300,33.1050,21.3450
2023-07-24,376.2300,33.2100,21.4300
2023-07-25,378.7800,33.6700,21.8600
2023-07-26,377.5200,33.4350,21.6350
2023-07-27,376.6200,33.2500,21.4500
2023-07-28,383.4800,34.4550,22.6100
2023-07-31,383.6800,34.5150,22.6550
2023-08-01,382.7900,34.3200,22.4800
2023-08-02,374.3900,32.8000,21.0100
2023-08-03,373.7900,32.6800,20.8600
2023-08-04,372.0400,32.3650,20.5700
2023-08-07,375.1900,32.9150,21.0800
2023-08-08,372.0000,32.3400,20.5400
2023-08-09,367.9100,31.6200,19.8550
2023-08-10,368.5900,31.7250,19.9450
2023-08-11,366.2400,31.3100,19.5450
2023-08-14,370.3500,32.0200,20.1950
2023-08-15,366.4200,31.3250,19.5750
2023-08-16,362.5400,30.6450,18.9250
2023-08-17,358.5800,29.9600,18.2850
2023-08-18,358.1300,29.8800,18.2000
2023-08-21,363.9000,30.8500,19.0800
2023-08-22,363.3800,30.7550,18.9950
2023-08-23,369.1100,31.7150,19.8900
2023-08-24,361.2200,30.3200,18.5800
2023-08-25,364.0200,30.8150,19.0200
2023-08-28,366.7600,31.2800,19.4450
2023-08-29,374.7700,32.6200,20.6850
2023-08-30,376.8600,32.9800,21.0300
2023-08-31,377.9900,33.1400,21.2200
2023-09-01,377.5900,33.0950,21.1450
2023-09-05,378.0700,33.1550,21.2000
2023-09-06,374.7400,32.5700,20.6400
2023-09-07,372.0600,32.0800,20.1900
2023-09-08,372.5800,32.1550,20.2500
2023-09-11,376.9700,32.9150,20.9400
2023-09-12,372.7900,32.1850,20.2700
2023-09-13,374.2100,32.4200,20.4700
2023-09-14,377.2700,32.9350,20.9500
2023-09-15,370.8100,31.7800,19.8750
2023-09-18,370.6600,31.8600,19.9200
2023-09-19,369.8700,31.7200,19.8000
2023-09-20,364.5400,30.8000,18.8750
2023-09-21,357.8600,29.6350,17.8000
2023-09-22,357.9100,29.6600,17.8150
2023-09-25,359.6100,29.9250,18.0500
2023-09-26,354.2100,29.0150,17.2450
2023-09-27,355.0400,29.1700,17.3500
2023-09-28,358.0100,29.6300,17.7700
2023-09-29,358.2700,29.6750,17.8100
2023-10-02,361.2600,30.1500,18.2350
2023-10-03,354.9200,29.0850,17.2700
2023-10-04,359.7500,29.8700,17.9700
2023-10-05,358.6900,29.6750,17.7800
2023-10-06,364.7000,30.6550,18.6750
2023-10-09,366.5600,30.9750,18.9500
2023-10-10,368.5900,31.2950,19.2600
2023-10-11,371.2200,31.7500,19.6700
2023-10-12,369.9300,31.4950,19.4400
2023-10-13,365.2800,30.7150,18.7050
2023-10-16,369.4100,31.4200,19.3350
2023-10-17,368.2000,31.2050,19.1500
2023-10-18,363.3700,30.3250,18.3400
2023-10-19,359.9700,29.7800,17.8500
2023-10-20,354.6000,28.8950,17.0450
2023-10-23,355.6700,29.0500,17.1950
2023-10-24,359.1300,29.6300,17.6800
2023-10-25,350.3400,28.1600,16.3850
2023-10-26,343.6600,27.0750,15.4300
2023-10-27,345.3100,27.3350,15.6500
2023-10-30,349.2000,27.9250,16.1550
2023-10-31,350.8700,28.2100,16.3900
2023-11-01,356.9600,29.1900,17.2350
2023-11-02,363.4400,30.2250,18.1500
2023-11-03,367.7100,30.9250,18.7900
2023-11-06,369.2100,31.1650,19.0050
2023-11-07,372.7000,31.7450,19.5400
2023-11-08,372.9400,31.7950,19.5750
2023-11-09,370.0700,31.2900,19.1100
2023-11-10,378.3900,32.6600,20.3850
2023-11-13,377.2100,32.4650,20.2000
2023-11-14,385.3300,33.8500,21.4700
2023-11-15,385.6200,33.8950,21.5300
2023-11-16,385.9500,33.9550,21.5650
2023-11-17,386.0400,33.9500,21.5800
2023-11-20,390.7400,34.7800,22.3500
2023-11-21,388.4700,34.3350,21.9450
2023-11-22,390.0600,34.6300,22.2000
2023-11-24,389.5100,34.5100,22.0900
2023-11-27,389.1700,34.4500,22.0250
2023-11-28,390.1900,34.6200,22.2000
2023-11-29,389.8100,34.5400,22.1200
2023-11-30,388.8300,34.3550,21.9350
2023-12-01,389.9400,34.5550,22.1200
2023-12-04,386.3200,33.8900,21.4900
2023-12-05,387.2900,34.0550,21.6450
2023-12-06,385.0500,33.6600,21.2600
2023-12-07,390.4300,34.6050,22.1500
2023-12-08,392.1700,34.8750,22.4150
2023-12-11,395.5200,35.4750,22.9850
2023-12-12,398.6700,36.0400,23.5400
2023-12-13,403.7400,36.9400,24.3700
2023-12-14,403.3900,36.8600,24.3300
2023-12-15,405.3400,37.1300,24.6200
2023-12-18,407.0800,37.6700,25.1350
2023-12-19,409.1600,38.0400,25.5100
2023-12-20,403.0800,36.8550,24.2700
2023-12-21,407.7700,37.7100,25.0750
2023-12-22,408.3800,37.8150,25.1750
2023-12-26,410.8800,38.2550,25.6350
2023-12-27,411.5000,38.4000,25.7700
2023-12-28,411.3000,38.3300,25.7050
2023-12-29,409.5200,38.0000,25.3500
2024-01-02,402.5900,36.7200,24.0650
2024-01-03,398.3300,35.9350,23.2950
2024-01-04,396.2800,35.5400,22.9050
2024-01-05,396.7500,35.6300,22.9900
2024-01-08,404.9500,37.0900,24.3750
2024-01-09,405.7500,37.2350,24.5350
2024-01-10,408.5000,37.7200,25.0200
2024-01-11,409.3500,37.8400,25.1400
2024-01-12,409.5600,37.8900,25.1700
2024-01-16,409.5200,37.8750,25.1550
2024-01-17,407.2100,37.4300,24.7200
2024-01-18,412.9900,38.5000,25.7800
2024-01-19,421.1800,39.9950,27.2700
2024-01-22,421.7300,40.0950,27.3800
2024-01-23,423.4800,40.4150,27.7050
2024-01-24,425.8300,40.8450,28.1600
2024-01-25,426.3500,40.9250,28.2400
2024-01-26,423.8100,40.4250,27.7200
2024-01-29,428.1500,41.2650,28.5350
2024-01-30,425.3000,40.6900,27.9650
2024-01-31,416.9700,39.1000,26.3200
2024-02-01,421.8800,40.0300,27.2500
2024-02-02,429.0100,41.3700,28.6200
2024-02-05,428.4500,41.2200,28.4750
2024-02-06,427.5900,41.0700,28.3100
2024-02-07,431.9900,41.8950,29.1550
2024-02-08,432.7900,42.0300,29.2750
2024-02-09,437.0500,42.8400,30.1350
2024-02-12,435.3400,42.4900,29.7800
2024-02-13,428.5500,41.1550,28.3700
2024-02-14,433.2200,42.0600,29.2700
2024-02-15,434.5100,42.2700,29.5150
2024-02-16,430.5700,41.5050,28.7050
2024-02-20,427.3200,40.8700,28.0400
2024-02-21,425.6100,40.5300,27.6900
2024-02-22,438.0700,42.8950,30.0850
2024-02-23,436.7800,42.6200,29.8100
2024-02-26,436.5500,42.5700,29.7700
2024-02-27,437.6000,42.7750,29.9550
2024-02-28,435.2700,42.2900,29.4700
2024-02-29,439.0000,43.0200,30.1800
2024-03-01,445.6100,44.3050,31.5650
2024-03-04,444.0200,43.9450,31.1900
2024-03-05,436.0500,42.3800,29.5200
2024-03-06,438.7900,42.9000,30.0650
2024-03-07,445.4500,44.1900,31.4050
2024-03-08,439.0200,42.8800,30.0300
2024-03-11,437.3900,42.5550,29.6800
2024-03-12,443.6600,43.7900,30.9400
2024-03-13,440.2500,43.0800,30.2200
2024-03-14,439.1400,42.8550,29.9750
2024-03-15,433.9200,41.8200,28.8800
2024-03-18,437.4800,42.6100,29.6950
2024-03-19,438.5700,42.8100,29.9000
2024-03-20,443.7700,43.8000,30.8500
2024-03-21,445.8700,44.1800,31.2500
2024-03-22,446.3800,44.2550,31.3150
2024-03-25,444.7600,43.9450,30.9950
2024-03-26,443.3200,43.6600,30.7050
2024-03-27,444.8300,43.9500,30.9750
2024-03-28,444.0100,43.7400,30.7800
2024-04-01,444.9500,43.9450,30.9700
2024-04-02,441.1100,43.1650,30.1400
2024-04-03,442.1000,43.3350,30.3400
2024-04-04,435.3400,41.9850,28.9100
2024-04-05,440.4700,42.9850,29.9300
2024-04-08,440.6000,43.0100,29.9500
2024-04-09,442.2300,43.3100,30.2600
2024-04-10,438.3700,42.5200,29.4650
2024-04-11,445.3700,43.8950,30.8500
2024-04-12,438.2700,42.4750,29.3600
2024-04-15,431.0600,41.0600,27.8850
2024-04-16,431.1000,41.0600,27.8900
2024-04-17,425.8400,40.0550,26.8550
2024-04-18,423.4100,39.5650,26.3750
2024-04-19,414.6500,37.9400,24.7400
2024-04-22,418.8200,38.6850,25.4600
2024-04-23,425.0700,39.8450,26.5950
2024-04-24,426.5100,40.1050,26.8550
2024-04-25,424.4500,39.6800,26.4250
2024-04-26,431.0000,40.9150,27.6400
2024-04-29,432.7500,41.2300,27.9700
2024-04-30,424.5900,39.6600,26.3700
2024-05-01,421.5200,39.0750,25.8000
2024-05-02,426.9000,40.0600,26.7550
2024-05-03,435.4800,41.6600,28.3500
2024-05-06,440.2500,42.5900,29.2800
2024-05-07,440.3200,42.5700,29.2800
2024-05-08,440.0600,42.5250,29.2250
2024-05-09,441.0200,42.6800,29.3850
2024-05-10,442.0600,42.8850,29.5850
2024-05-13,443.0800,43.0750,29.7800
2024-05-14,445.9300,43.6100,30.3350
2024-05-15,452.9000,44.9500,31.7350
2024-05-16,451.9800,44.7650,31.5400
2024-05-17,451.7600,44.7200,31.4700
2024-05-20,454.9100,45.3300,32.1200
2024-05-21,455.8000,45.4850,32.2850
2024-05-22,455.7100,45.4700,32.2650
2024-05-23,453.6600,45.0300,31.7850
2024-05-24,457.9500,45.8800,32.6750
2024-05-28,459.6800,46.2050,33.0300
2024-05-29,456.4400,45.5550,32.3400
2024-05-30,451.5500,44.5600,31.3000
2024-05-31,450.7100,44.5600,31.2650
2024-06-03,453.1300,44.8450,31.5700
2024-06-04,454.3700,45.0700,31.8050
2024-06-05,463.5300,46.8900,33.7250
2024-06-06,463.3700,46.8500,33.6850
2024-06-07,462.9600,46.7400,33.5600
2024-06-10,464.8300,47.1100,33.9150
2024-06-11,468.0200,47.7350,34.6150
2024-06-12,474.1500,48.9900,35.9800
2024-06-13,476.7200,49.4950,36.5550
2024-06-14,479.1900,49.9850,37.0850
2024-06-17,485.0600,51.2000,38.4300
2024-06-18,485.2100,51.2150,38.4500
2024-06-20,481.4700,50.4000,37.5450
2024-06-21,480.1800,50.1000,37.2000
2024-06-24,473.9600,48.9750,35.9400
2024-06-25,479.3800,50.0900,37.1400
2024-06-26,480.3700,50.2400,37.2300
2024-06-27,481.6100,50.4700,37.5000
2024-06-28,479.1100,49.9050,36.9100
2024-07-01,481.9200,50.5150,37.5150
2024-07-02,486.9800,51.5600,38.6650
2024-07-03,491.0400,52.3950,39.6150
2024-07-05,496.1600,53.4600,40.8150
2024-07-08,497.3400,53.7250,41.0850
2024-07-09,497.7700,53.7800,41.1750
2024-07-10,502.9600,54.9150,42.4650
2024-07-11,491.9300,52.4700,39.6750
2024-07-12,494.8200,53.0650,40.3200
2024-07-15,496.1500,53.3600,40.6200
2024-07-16,496.3400,53.3900,40.6500
2024-07-17,481.7700,50.2450,37.0750
2024-07-18,479.4900,49.7500,36.5200
2024-07-19,475.2400,48.8450,35.5300
2024-07-22,482.3200,50.2750,37.0800
2024-07-23,480.6200,49.9300,36.6800
2024-07-24,463.3800,46.3200,32.7250
2024-07-25,458.2700,45.3050,31.6350
2024-07-26,462.9700,46.2200,32.5400
2024-07-29,463.9000,46.3600,32.7300
2024-07-30,457.5300,45.0800,31.3950
2024-07-31,471.0700,47.7550,34.1400
2024-08-01,459.6600,45.4450,31.6800
2024-08-02,448.7500,43.2500,29.3700
2024-08-05,435.3700,40.7450,26.8100
2024-08-06,439.5300,41.4500,27.4800
2024-08-07,434.7700,40.5300,26.5950
2024-08-08,448.0700,43.0200,29.0300
2024-08-09,450.4100,43.4550,29.4250
2024-08-12,451.3800,43.6150,29.6250
2024-08-13,462.5800,45.7650,31.7800
2024-08-14,462.7300,45.8000,31.8350
2024-08-15,474.4200,48.0900,34.2300
2024-08-16,475.0300,48.1750,34.3200
2024-08-19,481.2700,49.4400,35.6500
2024-08-20,480.2600,49.2200,35.4300
2024-08-21,482.5000,49.6950,35.9150
2024-08-22,474.8500,48.0800,34.1900
2024-08-23,480.0000,49.1150,35.2650
2024-08-26,475.3400,48.1450,34.2300
2024-08-27,476.7600,48.4300,34.5200
2024-08-28,471.3500,47.3100,33.3500
2024-08-29,470.6600,47.1650,33.1750
2024-08-30,476.2700,48.2750,34.3050
2024-09-03,461.8100,45.3100,31.1750
2024-09-04,460.6100,45.0700,30.9100
2024-09-05,461.0400,45.1600,31.0100
2024-09-06,448.6900,42.7200,28.4950
2024-09-09,454.4600,43.7900,29.5550
2024-09-10,458.6600,44.5850,30.3500
2024-09-11,468.6200,46.4850,32.2850
2024-09-12,473.2200,47.4350,33.2400
2024-09-13,475.3400,47.8150,33.6750
2024-09-16,473.2400,47.3800,33.2250
2024-09-17,473.4900,47.4300,33.2450
2024-09-18,471.4400,46.9850,32.8100
2024-09-19,483.3600,49.3850,35.2900
2024-09-20,482.4400,49.1600,35.0650
2024-09-23,483.0400,49.4200,35.3250
2024-09-24,485.3700,49.8900,35.8250
2024-09-25,485.8200,49.9850,35.8350
2024-09-26,489.4700,50.6950,36.5950
2024-09-27,486.7500,50.1000,35.9650
2024-09-30,488.0700,50.3500,36.2450
2024-10-01,481.2700,48.9250,34.7100
2024-10-02,481.9500,49.0900,34.8400
2024-10-03,481.5900,49.0100,34.7600
2024-10-04,487.3200,50.1750,35.9850
2024-10-07,482.1000,49.0450,34.8000
2024-10-08,489.3000,50.5100,36.3100
2024-10-09,493.1500,51.2950,37.1850
2024-10-10,492.5900,51.1850,37.0550
2024-10-11,493.3600,51.2900,37.1500
2024-10-14,497.5000,52.1500,38.1000
2024-10-15,490.8500,50.7500,36.5800
2024-10-16,490.9100,50.7650,36.5600
2024-10-17,491.2500,50.8450,36.6700
2024-10-18,494.4700,51.4650,37.3200
2024-10-21,495.4200,51.6600,37.5250
2024-10-22,495.9600,51.7600,37.6350
2024-10-23,488.3600,50.1600,35.8950
2024-10-24,492.3200,50.9650,36.7500
2024-10-25,495.3200,51.5500,37.3700
2024-10-28,495.4000,51.5700,37.4050
2024-10-29,500.1600,52.5450,38.4400
2024-10-30,496.3800,51.7500,37.5850
2024-10-31,483.8500,49.1400,34.7250
2024-11-01,487.4300,49.8250,35.4650
2024-11-04,486.0100,49.5150,35.1350
2024-11-05,492.2100,50.7800,36.4700
2024-11-06,505.5800,53.5400,39.4300
2024-11-07,513.5400,55.2250,41.2750
2024-11-08,514.1400,55.3000,41.3750
2024-11-11,513.8400,55.2300,41.3000
2024-11-12,512.9100,55.0350,41.0750
2024-11-13,512.2500,54.8800,40.8950
2024-11-14,508.6900,54.0900,40.0300
2024-11-15,496.5700,51.4750,37.1350
2024-11-18,500.0200,52.2100,37.8850
2024-11-19,503.4600,52.9050,38.6450
2024-11-20,503.1700,52.8400,38.6000
2024-11-21,504.9800,53.2250,38.9800
2024-11-22,505.7900,53.3600,39.1250
2024-11-25,506.5900,53.5250,39.3050
2024-11-26,509.3100,54.0850,39.9150
2024-11-27,505.3000,53.2250,38.9500
2024-11-29,509.7400,54.1050,39.9450
2024-12-02,515.2900,55.2850,41.2400
2024-12-03,516.8700,55.6350,41.6050
2024-12-04,523.2600,56.9900,43.1250
2024-12-05,521.8100,56.6750,42.7700
2024-12-06,526.4800,57.6650,43.8700
2024-12-09,522.3800,56.7400,42.8450
2024-12-10,520.6000,56.3250,42.3800
2024-12-11,529.9200,58.3550,44.6450
2024-12-12,526.5000,57.5900,43.7600
2024-12-13,530.5300,58.4400,44.7000
2024-12-16,538.1700,60.1250,46.6450
2024-12-17,535.8000,59.5900,46.0200
2024-12-18,516.4700,55.2900,41.0450
2024-12-19,514.1700,54.7550,40.4650
2024-12-20,518.6600,55.7250,41.5150
2024-12-23,522.8700,56.7400,42.5300
2024-12-24,529.9600,58.2700,44.2200
2024-12-26,529.6000,58.1650,44.1250
2024-12-27,522.5600,56.5800,42.3300
2024-12-30,515.6100,55.0650,40.6300
2024-12-31,511.2300,54.1200,39.5650
2025-01-02,510.2300,53.8800,39.3150
2025-01-03,518.5800,55.6400,41.2000
2025-01-06,524.5400,56.9050,42.6050
2025-01-07,515.1800,54.8550,40.3100
2025-01-08,515.2700,54.8650,40.3400
2025-01-10,507.1900,53.1150,38.4150
2025-01-13,505.5600,52.7850,38.0150
2025-01-14,505.0800,52.6600,37.8800
2025-01-15,516.7000,55.0400,40.4400
2025-01-16,513.0800,54.3050,39.6150
2025-01-17,521.7400,56.0950,41.5700
2025-01-21,524.8000,56.7000,42.2600
2025-01-22,531.5100,58.1800,43.9000
2025-01-23,532.6400,58.4350,44.1700
2025-01-24,529.6300,57.7450,43.3750
2025-01-27,514.2100,54.3300,39.5700
2025-01-28,521.8100,55.9650,41.3250
2025-01-29,520.8300,55.7400,41.0700
2025-01-30,523.0500,56.2050,41.5850
2025-01-31,522.2900,56.0050,41.3600
2025-02-03,518.1100,55.1150,40.3600
2025-02-04,524.4700,56.4600,41.8250
2025-02-05,526.8500,56.9550,42.3700
2025-02-06,529.6000,57.5300,43.0050
2025-02-07,522.9200,56.0750,41.3650
2025-02-10,529.2500,57.3950,42.8200
2025-02-11,527.9900,57.1250,42.5150
2025-02-12,528.3000,57.1900,42.6000
2025-02-13,535.9000,58.8200,44.3950
2025-02-14,538.1500,59.2700,44.9150
2025-02-18,539.3700,59.5300,45.1950
2025-02-19,539.5200,59.5600,45.2000
2025-02-20,537.2300,59.0300,44.6500
2025-02-21,526.0800,56.5700,41.8550
2025-02-24,519.8700,55.2050,40.3500
2025-02-25,513.3200,53.8050,38.8100
2025-02-26,514.5600,54.0500,39.0600
2025-02-27,500.2700,51.0700,35.8200
2025-02-28,508.1700,52.6450,37.4600
2025-03-03,497.0500,50.3950,35.0400
2025-03-04,495.5500,50.0250,34.6550
2025-03-05,502.0100,51.3350,36.0050
2025-03-06,488.2000,48.5100,33.0200
2025-03-07,491.7900,49.1800,33.7050
2025-03-10,472.7300,45.4550,29.9050
2025-03-11,471.6000,45.1250,29.5550
2025-03-12,476.9200,46.1650,30.5650
2025-03-13,468.3400,44.4750,28.8950
2025-03-14,479.6600,46.5950,30.9450
2025-03-17,482.7700,47.1950,31.5450
2025-03-18,474.5400,45.6000,29.9550
2025-03-19,480.8900,46.7600,31.1200
2025-03-20,479.2600,46.4500,30.8000
2025-03-21,480.8400,46.7800,31.0900
2025-03-24,490.6600,48.7500,33.0650
2025-03-25,493.4600,49.3300,33.6550
2025-03-26,484.3800,47.5050,31.6900
2025-03-27,481.6200,46.9400,31.1500
2025-03-28,468.9400,44.4700,28.6700
2025-03-31,468.9200,44.4400,28.6500
2025-04-01,472.7000,45.1350,29.3100
2025-04-02,476.1500,45.7950,29.9650
2025-04-03,450.6600,40.9000,25.1500
2025-04-04,422.6700,35.9050,20.5450
2025-04-07,423.6900,36.0100,20.6250
2025-04-08,416.0600,34.6700,19.4500
2025-04-09,466.0000,42.8150,26.3050
2025-04-10,446.1800,39.3150,23.0700
2025-04-11,454.4000,40.7050,24.2900
2025-04-14,457.4800,41.2700,24.8000
2025-04-15,457.9900,41.3650,24.8950
2025-04-16,444.1800,38.8800,22.6450
2025-04-17,444.1000,38.8200,22.5800
2025-04-21,433.1100,36.9200,20.9300
2025-04-22,444.4800,38.8050,22.5300
2025-04-23,454.5600,40.5300,24.0250
2025-04-24,467.3500,42.8350,26.0700
2025-04-25,472.5600,43.7800,26.9300
2025-04-28,472.4100,43.7600,26.9100
2025-04-29,475.5300,44.3000,27.4350
2025-04-30,475.4700,44.2900,27.4400
2025-05-01,481.6800,45.3750,28.3850
2025-05-02,488.8300,46.7700,29.7150
2025-05-05,485.9300,46.2200,29.2000
2025-05-06,481.4100,45.3700,28.3700
2025-05-07,483.3000,45.7100,28.7000
2025-05-08,488.2900,46.6200,29.5550
2025-05-09,487.9700,46.5400,29.4850
2025-05-12,507.8500,50.3300,33.0550
2025-05-13,515.5900,51.8450,34.5700
2025-05-14,518.6800,52.4650,35.1800
2025-05-15,519.2500,52.5800,35.2900
2025-05-16,521.5100,53.0300,35.7250
2025-05-19,522.0100,53.1050,35.8200
2025-05-20,520.2700,52.7250,35.4450
2025-05-21,513.0400,51.2600,33.9700
2025-05-22,514.0000,51.4500,34.1450
2025-05-23,509.2400,50.4700,33.1600
2025-05-27,521.2200,52.8150,35.4700
2025-05-28,518.9100,52.3650,35.0150
2025-05-29,519.9300,52.5550,35.1850
2025-05-30,519.1100,52.3650,35.0000
2025-06-02,523.2100,53.1700,35.8050
2025-06-03,527.3000,54.0150,36.6400
2025-06-04,528.7700,54.2950,36.9350
2025-06-05,524.7900,53.4450,36.0750
2025-06-06,529.9200,54.4750,37.1050
2025-06-09,530.7000,54.6250,37.2700
2025-06-10,534.2100,55.3550,37.9900
2025-06-11,532.4100,54.9700,37.6000
2025-06-12,533.6600,55.2200,37.8450
2025-06-13,526.9600,53.8050,36.4150
2025-06-16,534.2900,55.2850,37.9000
2025-06-17,529.0800,54.1850,36.7800
2025-06-18,528.9900,54.1600,36.7300
2025-06-20,526.8300,53.6750,36.2250
2025-06-23,531.6500,54.7950,37.3500
2025-06-24,539.7800,56.4550,39.0500
2025-06-25,541.1600,56.6650,39.2400
2025-06-26,546.2200,57.7350,40.3150
2025-06-27,548.0900,58.1150,40.7100
2025-06-30,551.6400,58.8550,41.5000
2025-07-01,546.9900,57.8300,40.4450
2025-07-02,550.8000,58.6450,41.2500
2025-07-03,556.2200,59.7450,42.4050
2025-07-07,552.0300,58.8500,41.4600
2025-07-08,552.3400,58.8950,41.5150
2025-07-09,556.2500,59.7250,42.3750
2025-07-10,555.4500,59.5350,42.1800
2025-07-11,554.2000,59.2500,41.8600
2025-07-14,556.2100,59.6550,42.3050
2025-07-15,556.7200,59.7500,42.4150
2025-07-16,557.2900,59.8800,42.5350
2025-07-17,561.8000,60.8400,43.5250
2025-07-18,561.2600,60.6850,43.3750
2025-07-21,564.1700,61.3100,44.0350
2025-07-22,561.2500,60.6650,43.3500
2025-07-23,563.8100,61.2100,43.9200
2025-07-24,565.0100,61.4800,44.2100
2025-07-25,566.3700,61.7250,44.4600
2025-07-28,568.1400,62.1150,44.8950
2025-07-29,567.2600,61.9300,44.6900
2025-07-30,568.0200,62.0750,44.8450
2025-07-31,565.0100,61.3850,44.1050
2025-08-01,553.8800,58.9350,41.4600
2025-08-04,564.1000,61.1000,43.7300
2025-08-05,560.2700,60.2550,42.8200
2025-08-06,567.3200,61.7700,44.4200
2025-08-07,569.2400,62.1850,44.8700
2025-08-08,574.5500,63.3100,46.0800
2025-08-11,572.8500,62.9000,45.6750
2025-08-12,580.0500,64.5000,47.3600
2025-08-13,580.3400,64.5500,47.4300
2025-08-14,579.8900,64.4350,47.3000
2025-08-15,577.3400,63.8300,46.6300
2025-08-18,577.1100,63.7900,46.5700
2025-08-19,569.2800,62.0400,44.6700
2025-08-20,565.9000,61.2850,43.8550
2025-08-21,563.2800,60.7250,43.2450
2025-08-22,571.9700,62.5700,45.1900
2025-08-25,570.3200,62.1950,44.7950
2025-08-26,572.6100,62.6950,45.3150
2025-08-27,573.4900,62.8700,45.5200
2025-08-28,577.0800,63.6350,46.3500
2025-08-29,570.4000,62.1100,44.6800
2025-09-02,565.6200,61.0800,43.5400
2025-09-03,570.0700,62.0100,44.5550
2025-09-04,575.2300,63.1400,45.7600
2025-09-05,576.0600,63.2800,45.9100
2025-09-08,578.8700,63.9000,46.5650
2025-09-09,580.5100,64.2450,46.9450
2025-09-10,580.7000,64.2850,46.9950
2025-09-11,584.0800,65.0150,47.7850
2025-09-12,586.6600,65.5750,48.3800
2025-09-15,591.6800,66.6900,49.6150
2025-09-16,591.1800,66.5400,49.4800
2025-09-17,590.0000,66.2550,49.1650
2025-09-18,595.3200,67.4800,50.4900
2025-09-19,599.3500,68.3600,51.4900
2025-09-22,602.2000,69.1550,52.3600
2025-09-23,598.2000,68.2200,51.3050
2025-09-24,596.1000,67.7250,50.7050
2025-09-25,593.5300,67.1150,50.0250
2025-09-26,595.9700,67.6550,50.6250
2025-09-29,598.7300,68.2600,51.3000
2025-09-30,600.3700,68.6000,51.7000
2025-10-01,603.2500,69.2600,52.4300
2025-10-02,605.7300,69.8200,53.0700
2025-10-03,603.1800,69.1900,52.3500
2025-10-06,607.7100,70.2350,53.5200
2025-10-07,604.5100,69.4800,52.6550
2025-10-08,611.4400,71.0600,54.4400
2025-10-09,610.7000,70.8750,54.2250
2025-10-10,589.5000,65.9050,48.5350
2025-10-13,602.0100,68.7150,51.6150
2025-10-14,598.0000,67.8000,50.5650
2025-10-15,602.2200,68.7200,51.6000
2025-10-16,599.9900,68.2100,51.0250
2025-10-17,603.9300,69.0800,51.9950
2025-10-20,611.5400,70.8050,53.9450
2025-10-21,611.3800,70.7650,53.8850
2025-10-22,605.4900,69.3600,52.3000
2025-10-23,610.5800,70.5500,53.6100
2025-10-24,617.1000,71.9900,55.2800
2025-10-27,628.0900,74.5700,58.2150
2025-10-28,632.9200,75.6950,59.5450
2025-10-29,635.7700,76.3850,60.3050
2025-10-30,626.0500,74.0250,57.5450
2025-10-31,629.0700,74.7400,58.3600
2025-11-03,632.0800,75.4100,59.1600
2025-11-04,619.2500,72.3200,55.5400
2025-11-05,623.2800,73.2700,56.6200
2025-11-06,611.6700,70.5300,53.4450
2025-11-07,609.7400,70.0550,52.8900
2025-11-10,623.2300,73.1250,56.3550
2025-11-11,621.5700,72.7350,55.8900
2025-11-12,621.0800,72.6100,55.7750
2025-11-13,608.4000,69.6250,52.3300
2025-11-14,608.8600,69.6950,52.3700
2025-11-17,603.6600,68.5000,51.0250
2025-11-18,596.3100,66.8350,49.1800
2025-11-19,599.8700,67.5950,50.0250
2025-11-20,585.6700,64.4100,46.4500
2025-11-21,590.0700,65.3600,47.4800
2025-11-24,605.1600,68.7300,51.0800
2025-11-25,608.8900,69.5100,52.0100
2025-11-26,614.2700,70.7400,53.3700
2025-11-28,619.2500,71.8100,54.5400
2025-12-01,617.1700,71.3500,54.0500
2025-12-02,622.0000,72.4700,55.3000
2025-12-03,623.5200,72.7900,55.6900
2025-12-04,622.9400,72.6200,55.5100
2025-12-05,625.4800,73.2200,56.1500
2025-12-08,624.2800,72.8900,55.8000
2025-12-09,625.0500,73.1000,56.0100
2025-12-10,627.6100,73.6600,56.6500
2025-12-11,625.5800,73.1800,56.1100
2025-12-12,613.6200,70.3400,52.8200
2025-12-15,610.5400,69.6300,52.0200
2025-12-16,611.7500,69.9000,52.3300
2025-12-17,600.4100,67.2800,49.4000
2025-12-18,609.1100,69.2400,51.5100
2025-12-19,617.0500,71.0500,53.5200
2025-12-22,619.2100,71.6700,54.2500
2025-12-23,622.1100,72.3600,55.0100
2025-12-24,623.9300,72.7300,55.3600
2025-12-26,623.8900,72.6800,55.3100
2025-12-29,620.8700,71.9600,54.4900
2025-12-30,619.4300,71.6100,54.1000
2025-12-31,614.3100,70.4100,52.7200
2026-01-02,613.1200,70.1000,52.3500
2026-01-05,617.9900,71.2000,53.6000
2026-01-06,623.4200,72.4600,55.0100
2026-01-07,624.0200,72.5900,55.1700
2026-01-08,620.4700,71.7500,54.1900
2026-01-09,626.6500,73.1400,55.7600
2026-01-12,627.1700,73.2700,55.8900
2026-01-13,626.2400,73.0100,55.6000
2026-01-14,619.5500,71.4900,53.8300
2026-01-15,621.7800,71.9400,54.3800
2026-01-16,621.2600,71.7500,54.1400
2026-01-20,608.0600,68.7300,50.7300
2026-01-21,616.2800,70.5400,52.7300
2026-01-22,620.7600,71.6100,53.9000
2026-01-23,622.7200,72.0500,54.3800
2026-01-26,625.4600,72.6600,55.0800
2026-01-27,631.1300,73.9600,56.5400
2026-01-28,633.2200,74.3600,57.0600
2026-01-29,629.4300,73.5200,56.0400
2026-01-30,621.8700,71.7100,54.0000
2026-02-02,626.1400,72.7300,55.1000
2026-02-03,616.5200,70.4600,52.5200
2026-02-04,605.7500,67.9800,49.7600
2026-02-05,597.0300,66.0400,47.6400
2026-02-06,609.6500,68.7900,50.5900
2026-02-09,614.3200,69.8300,51.7400
2026-02-10,611.4700,69.1800,51.0200
2026-02-11,613.1100,69.5200,51.4000
2026-02-12,600.6400,66.6900,48.2600
2026-02-13,601.9200,66.9200,48.4700
2026-02-17,601.3000,66.7700,48.3500
2026-02-18,605.7900,67.7500,49.3900
2026-02-19,603.4700,67.2400,48.8300
2026-02-20,608.8100,68.4000,50.0600
2026-02-23,601.4100,66.7500,48.2400
2026-02-24,607.8700,68.1300,49.7800
2026-02-25,616.6800,70.0800,51.8700
2026-02-26,609.2400,68.4400,50.0500
2026-02-27,607.2900,67.9900,49.5200
2026-03-02,608.0900,68.1300,49.7000
2026-03-03,601.5800,66.6800,48.1000
2026-03-04,610.7500,68.6500,50.2600
2026-03-05,608.9100,68.2600,49.8000
2026-03-06,599.7500,66.1900,47.5400
2026-03-09,607.7600,67.9400,49.3900
2026-03-10,607.7700,67.9100,49.4000
2026-03-11,607.6900,67.9000,49.3500
2026-03-12,597.2600,65.5800,46.8300
2026-03-13,593.7200,64.7600,45.9300
2026-03-16,600.3800,66.1900,47.4600
2026-03-17,603.3100,66.8500,48.1600
2026-03-18,594.9000,64.9500,46.1000
2026-03-19,593.0200,64.5300,45.6900
2026-03-20,582.0600,62.1300,43.0800
2026-03-23,588.0000,63.5800,44.5700
2026-03-24,583.9800,62.6400,43.6200
2026-03-25,587.8200,63.4300,44.3900
2026-03-26,573.7900,60.4300,41.2300
2026-03-27,562.5800,58.0500,38.7800
2026-03-30,558.2800,57.1600,37.8900
2026-03-31,577.1800,61.0000,41.6800
2026-04-01,584.3100,62.4900,43.2300
2026-04-02,584.9800,62.6000,43.3300
2026-04-06,588.5000,63.3500,44.1000
2026-04-07,588.5900,63.3900,44.1500
2026-04-08,606.0900,67.0800,48.0000
2026-04-09,610.1900,68.0100,48.9600
2026-04-10,611.0700,68.1900,49.1700
2026-04-13,617.3900,69.5900,50.6600
2026-04-14,628.6000,72.1000,53.4100
2026-04-15,637.4000,74.1100,55.6500
2026-04-16,640.4700,74.8000,56.4300
2026-04-17,648.8500,76.7300,58.5900
2026-04-20,646.7900,76.2700,58.0800
2026-04-21,644.3300,75.6700,57.4000
2026-04-22,655.1100,78.1800,60.2100
2026-04-23,651.4200,77.3000,59.2200
2026-04-24,663.8800,80.2400,62.5600
2026-04-27,664.2300,80.2900,62.6400
2026-04-28,657.5500,78.6700,60.7400
2026-04-29,661.5700,79.6400,61.8600
2026-04-30,667.7400,81.0500,63.5400
2026-05-01,674.1500,82.6000,65.3000
2026-05-04,672.8800,82.2800,64.9100
2026-05-05,681.6100,84.3900,67.3900
2026-05-06,695.7700,87.8500,71.5700
2026-05-07,694.9400,87.6600,71.3400
2026-05-08,711.2300,91.7200,76.2800
2026-05-11,713.2900,92.2600,76.9600
2026-05-12,707.2400,90.6900,74.9600
2026-05-13,714.7100,92.5500,77.2400
2026-05-14,719.7900,93.9000,78.9500
2026-05-15,708.9300,91.0300,75.3400
2026-05-18,705.8800,90.2000,74.3200
2026-05-19,701.5300,89.1300,72.9300
2026-05-20,713.1500,92.0500,76.5100
2026-05-21,714.5100,92.3800,76.9500
2026-05-22,717.5400,93.1000,77.8400
2026-05-26,730.2800,96.4000,81.9500
2026-05-27,729.4500,96.1900,81.6700
2026-05-28,735.6000,97.7900,83.6800
2026-05-29,738.3100,98.4600,84.5600
2026-06-01,742.7400,99.6300,86.0400
2026-06-02,746.1600,100.5300,87.2200
2026-06-03,744.2100,100.0000,86.5600
2026-06-04,740.6100,99.0200,85.2200
2026-06-05,705.0600,89.5400,73.0500
2026-06-08,716.0700,92.2500,76.2700
2026-06-09,707.8300,90.1200,73.7200
2026-06-10,693.6900,86.5100,69.2700
2026-06-11,717.1200,92.1800,76.0100
2026-06-12,721.3400,93.3800,77.5200
2026-06-15,744.0000,99.1800,84.5900
2026-06-16,729.8600,95.4600,79.9300
2026-06-17,722.5100,93.5600,77.5400
2026-06-18,740.6200,97.9100,82.8700
2026-06-22,737.9500,97.6800,82.5800
2026-06-23,713.6500,91.2200,74.4400
2026-06-24,710.6200,90.3700,73.3000
2026-06-25,716.3800,91.7700,74.9500
2026-06-26,706.5200,89.1200,71.8300
2026-06-29,724.0800,93.6800,77.1900
2026-06-30,736.4000,96.7600,81.0000
2026-07-01,725.1700,93.9000,77.4600
2026-07-02,712.6000,90.6100,73.3500
2026-07-06,722.8200,93.1400,76.4200
2026-07-07,709.4300,89.6900,72.2300
2026-07-08,711.4400,90.1400,72.7200
2026-07-09,723.2800,93.1400,76.3400
2026-07-10,725.5100,93.7000,77.0300
2026-07-13,711.7400,90.1300,72.6400
2026-07-14,719.6900,92.1300,75.0200
2026-07-15,717.7400,91.6100,74.4400
2026-07-16,705.9400,88.5700,70.7400
2026-07-17,695.3300,85.9100,67.5300
2026-07-20,696.0600,86.0300,67.6500
2026-07-21,708.9700,89.2300,71.3700
2026-07-22,705.3500,88.2800,70.2800
2026-07-23,691.9600,85.0000,66.3000
2026-07-24,684.2300,83.0000,64.0000
2026-07-27,682.1200,82.4800,63.4000
2026-07-28,675.4900,80.8700,61.5600
2026-07-29,661.7300,77.5800,57.7500
2026-07-30,683.5500,82.6800,63.3000
2026-07-31,687.9900,83.6700,64.6200
2026-08-03,700.0700,86.6200,67.9600
2026-08-04,723.8500,92.4600,74.8200
2026-08-05,717.3000,90.8000,72.8400
2026-08-06,714.6500,90.1300,72.0300
2026-08-07,723.0300,92.2100,74.4700
2026-08-10,720.8700,91.6300,73.8000
2026-08-11,718.4500,90.9800,73.0600
2026-08-12,723.7000,92.3200,74.6000
2026-08-13,732.0700,94.4300,77.1500
2026-08-14,731.0700,94.1500,76.7900
2026-08-17,729.8700,93.8400,76.4000
2026-08-18,717.5100,90.6500,72.5300
2026-08-19,716.0800,90.2500,72.0600
2026-08-20,710.9300,88.9500,70.4800
2026-08-21,713.4400,89.5300,71.1700
2026-08-24,706.3200,87.7200,69.0100
2026-08-25,710.7200,88.8000,70.2700
2026-08-26,711.3700,88.9300,70.4700
2026-08-27,721.1100,91.3800,73.3000
2026-08-28,716.4300,90.1700,71.8500
2026-08-31,716.7600,90.2400,71.9200
2026-09-01,707.6400,87.9200,69.1500
2026-09-02,709.2400,88.3100,69.6000
2026-09-03,717.6700,90.3800,72.0300
2026-09-04,718.9600,90.6800,72.3700
2026-09-08,718.3600,90.5300,72.1600
2026-09-09,716.3100,89.9800,71.5500
2026-09-10,708.6900,88.0200,69.2100
2026-09-11,714.8800,89.5500,70.9800
2026-09-14,709.1800,88.1000,69.2700
2026-09-15,704.5400,86.9600,67.9000
2026-09-16,704.7200,86.9600,67.9300
2026-09-17,716.9200,89.9400,71.3800
2026-09-18,721.4500,91.0000,72.6400
2026-09-21,741.4700,96.2700,78.9100
2026-09-22,747.4600,97.8200,80.8300
2026-09-23,741.2100,96.1600,78.6600
2026-09-24,741.1000,96.1000,78.5800
2026-09-25,744.5000,96.9500,79.6000
2026-09-28,736.5300,94.8700,77.0400
2026-09-29,737.9300,95.2200,77.4600
2026-09-30,739.7700,95.6500,78.0300
2026-10-01,742.0300,96.2400,78.7300
2026-10-02,749.5800,98.1300,81.0100
2026-10-05,756.2000,99.8400,83.1200
2026-10-06,759.6600,100.7700,84.2500
2026-10-07,757.7300,100.2300,83.6200
2026-10-08,747.5800,97.5400,80.2300
2026-10-09,751.2700,98.4200,81.2800
